fecha_fin,slug,etapa,inicio,duracion_min,perfil
2026-08-31 00:04:52,dentista-b-azul-cian,arquitecto,2026-08-30 23:52:02,12.8,orbita-v5-arquitecto-2
2026-08-31 00:13:18,dentista-b-teal,director_visual,2026-08-31 00:10:15,3.1,orbita-v5-director-visual
2026-08-31 12:34:52,dentista-b-claro,arquitecto,2026-08-30 23:52:22,762.5,orbita-v5-arquitecto-1
2026-08-31 12:34:52,dentista-b-oscuro-premium,arquitecto,2026-08-30 23:58:21,756.5,orbita-v5-arquitecto-2
2026-08-31 12:34:52,dentista-b-azul-cian,arquitecto,2026-08-31 00:05:41,749.2,orbita-v5-arquitecto-2
2026-08-31 12:34:52,abogado-b-claro,arquitecto,2026-08-31 00:19:12,735.7,orbita-v5-arquitecto-1
2026-08-31 12:34:52,abogado-claro,arquitecto,2026-08-31 00:25:31,729.4,orbita-v5-arquitecto-2
2026-08-31 12:34:52,abogado-b-oscuro-premium,arquitecto,2026-08-31 00:32:14,722.6,orbita-v5-arquitecto-1
2026-08-31 12:34:52,abogado-oscuro-premium,arquitecto,2026-08-31 00:43:16,711.6,orbita-v5-arquitecto-1
2026-08-31 12:34:52,abogado-b-azul-cian,arquitecto,2026-08-31 00:49:16,705.6,orbita-v5-arquitecto-2
2026-08-31 12:34:52,inmobiliaria-b-claro,arquitecto,2026-08-31 00:55:17,699.6,orbita-v5-arquitecto-1
2026-08-31 12:34:52,inmobiliaria-claro,arquitecto,2026-08-31 01:01:18,693.6,orbita-v5-arquitecto-2
2026-08-31 12:34:52,inmobiliaria-b-oscuro-premium,arquitecto,2026-08-31 01:07:20,687.5,orbita-v5-arquitecto-1
2026-08-31 12:34:52,inmobiliaria-oscuro-premium,arquitecto,2026-08-31 01:13:21,681.5,orbita-v5-arquitecto-1
2026-08-31 12:34:52,veterinaria-b-claro,arquitecto,2026-08-31 01:19:24,675.5,orbita-v5-arquitecto-2
2026-08-31 12:34:52,veterinaria-b-teal,arquitecto,2026-08-31 01:19:22,675.5,orbita-v5-arquitecto-2
2026-08-31 14:17:36,veterinaria-b-oscuro,arquitecto,2026-08-31 01:25:23,772.2,orbita-v5-arquitecto-1
2026-08-31 14:17:36,software-b-oscuro-premium,arquitecto,2026-08-31 01:37:35,760.0,orbita-v5-arquitecto-1
2026-08-31 14:23:02,software-b-azul-cian,arquitecto,2026-08-31 13:20:57,62.1,orbita-v5-arquitecto-3
2026-08-31 14:23:07,veterinaria-b-teal,arquitecto,2026-08-31 14:17:38,5.5,orbita-v5-arquitecto-2
2026-08-31 14:23:07,veterinaria-b-teal,director_visual,2026-08-31 14:17:38,5.5,orbita-v5-director-visual
2026-08-31 14:23:07,software-b-claro,arquitecto,2026-08-31 01:25:22,777.8,orbita-v5-arquitecto-1
2026-08-31 14:23:07,software-claro,arquitecto,2026-08-31 01:31:28,771.7,orbita-v5-arquitecto-1
2026-08-31 14:23:07,software-oscuro-premium,arquitecto,2026-08-31 13:20:55,62.2,orbita-v5-arquitecto-2
2026-08-31 14:28:47,software-b-claro,arquitecto,2026-08-31 14:23:09,5.6,orbita-v5-arquitecto-1
2026-08-31 14:28:47,software-b-claro,director_visual,2026-08-31 14:23:09,5.6,orbita-v5-director-visual
2026-08-31 14:28:47,gimnasio-claro,arquitecto,2026-08-31 14:17:35,11.2,orbita-v5-arquitecto-4
2026-08-31 14:28:47,gimnasio-oscuro-premium,arquitecto,2026-08-31 14:17:36,11.2,orbita-v5-arquitecto-5
2026-08-31 14:31:32,software-claro,arquitecto,2026-08-31 14:28:49,2.7,orbita-v5-arquitecto-1
2026-08-31 14:31:32,software-claro,director_visual,2026-08-31 14:28:49,2.7,orbita-v5-director-visual
2026-08-31 14:31:32,arquitectura-claro,arquitecto,2026-08-31 14:23:07,8.4,orbita-v5-arquitecto-2
2026-08-31 14:34:05,arquitectura-b-claro,arquitecto,2026-08-31 14:23:05,11.0,orbita-v5-arquitecto-1
2026-08-31 14:34:05,arquitectura-b-oscuro,arquitecto,2026-08-31 14:28:44,5.4,orbita-v5-arquitecto-3
2026-08-31 14:34:11,software-b-oscuro-premium,arquitecto,2026-08-31 14:31:34,2.6,orbita-v5-arquitecto-1
2026-08-31 14:34:11,software-b-oscuro-premium,director_visual,2026-08-31 14:31:34,2.6,orbita-v5-director-visual
2026-08-31 14:39:46,software-oscuro-premium,arquitecto,2026-08-31 14:34:14,5.5,orbita-v5-arquitecto-2
2026-08-31 14:39:46,software-oscuro-premium,director_visual,2026-08-31 14:34:14,5.5,orbita-v5-director-visual
2026-08-31 14:39:46,arquitectura-oscuro-premium,arquitecto,2026-08-31 14:28:46,11.0,orbita-v5-arquitecto-4
2026-08-31 14:39:46,clinica-claro,arquitecto,2026-08-31 14:31:29,8.3,orbita-v5-arquitecto-2
2026-08-31 14:39:46,contador-claro,arquitecto,2026-08-31 14:31:32,8.2,orbita-v5-arquitecto-5
2026-08-31 14:45:10,software-b-azul-cian,arquitecto,2026-08-31 14:39:48,5.4,orbita-v5-arquitecto-3
2026-08-31 14:45:10,software-b-azul-cian,director_visual,2026-08-31 14:39:48,5.4,orbita-v5-director-visual
2026-08-31 14:45:10,concesionaria-eter-claro,arquitecto,2026-08-31 14:34:08,11.0,orbita-v5-arquitecto-6
2026-08-31 14:45:10,concesionaria-noctua-oscuro,arquitecto,2026-08-31 14:34:11,11.0,orbita-v5-arquitecto-7
2026-08-31 14:50:51,gimnasio-claro,arquitecto,2026-08-31 14:45:13,5.6,orbita-v5-arquitecto-4
2026-08-31 14:50:51,gimnasio-claro,director_visual,2026-08-31 14:45:13,5.6,orbita-v5-director-visual
2026-08-31 14:50:51,ecommerce-claro,arquitecto,2026-08-31 14:39:44,11.1,orbita-v5-arquitecto-1
2026-08-31 14:50:51,diseno-claro,arquitecto,2026-08-31 14:39:46,11.1,orbita-v5-arquitecto-2
2026-08-31 14:56:14,gimnasio-oscuro-premium,arquitecto,2026-08-31 14:50:52,5.4,orbita-v5-arquitecto-5
2026-08-31 14:56:14,gimnasio-oscuro-premium,director_visual,2026-08-31 14:50:52,5.4,orbita-v5-director-visual
2026-08-31 14:56:14,distribuidora-eter-claro,arquitecto,2026-08-31 14:45:08,11.1,orbita-v5-arquitecto-3
2026-08-31 15:02:03,arquitectura-b-claro,arquitecto,2026-08-31 14:56:19,5.7,orbita-v5-arquitecto-1
2026-08-31 15:02:03,arquitectura-b-claro,director_visual,2026-08-31 14:56:19,5.7,orbita-v5-director-visual
2026-08-31 15:02:03,distribuidora-noctua-oscuro,arquitecto,2026-08-31 14:45:10,16.9,orbita-v5-arquitecto-4
2026-08-31 15:02:03,kinesiologia-eter-claro,arquitecto,2026-08-31 14:50:49,11.2,orbita-v5-arquitecto-1
2026-08-31 15:02:03,ferreteria-noctua-oscuro,arquitecto,2026-08-31 14:56:14,5.8,orbita-v5-arquitecto-5
2026-08-31 15:08:11,arquitectura-claro,arquitecto,2026-08-31 15:02:07,6.1,orbita-v5-arquitecto-2
2026-08-31 15:08:11,arquitectura-claro,director_visual,2026-08-31 15:02:07,6.1,orbita-v5-director-visual
2026-08-31 15:08:11,kinesiologia-noctua-oscuro,arquitecto,2026-08-31 14:50:51,17.3,orbita-v5-arquitecto-2
2026-08-31 15:08:11,ferreteria-eter-claro,arquitecto,2026-08-31 14:56:10,12.0,orbita-v5-arquitecto-3
2026-08-31 15:08:11,universidad-noctua-oscuro,arquitecto,2026-08-31 15:02:03,6.1,orbita-v5-arquitecto-4
2026-08-31 15:14:04,arquitectura-b-oscuro,arquitecto,2026-08-31 15:08:13,5.9,orbita-v5-arquitecto-3
2026-08-31 15:14:04,arquitectura-b-oscuro,director_visual,2026-08-31 15:08:13,5.9,orbita-v5-director-visual
2026-08-31 15:20:02,arquitectura-oscuro-premium,arquitecto,2026-08-31 15:14:07,5.9,orbita-v5-arquitecto-4
2026-08-31 15:20:02,arquitectura-oscuro-premium,director_visual,2026-08-31 15:14:07,5.9,orbita-v5-director-visual
2026-08-31 15:20:02,universidad-eter-claro,arquitecto,2026-08-31 15:01:59,18.1,orbita-v5-arquitecto-1
2026-08-31 15:20:02,repuestos-eter-claro,arquitecto,2026-08-31 15:08:09,11.9,orbita-v5-arquitecto-2
2026-08-31 15:20:02,repuestos-noctua-oscuro,arquitecto,2026-08-31 15:08:11,11.9,orbita-v5-arquitecto-3
2026-08-31 15:20:02,neumaticos-eter-claro,arquitecto,2026-08-31 15:14:01,6.0,orbita-v5-arquitecto-4
2026-08-31 15:26:08,clinica-claro,arquitecto,2026-08-31 15:20:04,6.1,orbita-v5-arquitecto-2
2026-08-31 15:26:09,clinica-claro,director_visual,2026-08-31 15:20:04,6.1,orbita-v5-director-visual
2026-08-31 15:26:09,neumaticos-noctua-oscuro,arquitecto,2026-08-31 15:14:04,12.1,orbita-v5-arquitecto-5
2026-08-31 15:32:08,contador-claro,arquitecto,2026-08-31 15:26:11,6.0,orbita-v5-arquitecto-5
2026-08-31 15:32:08,contador-claro,director_visual,2026-08-31 15:26:11,6.0,orbita-v5-director-visual
2026-08-31 15:32:08,laboratorio-eter-claro,arquitecto,2026-08-31 15:20:01,12.1,orbita-v5-arquitecto-1
2026-08-31 15:35:49,concesionaria-eter-claro,arquitecto,2026-08-31 15:32:11,3.6,orbita-v5-arquitecto-6
2026-08-31 15:35:49,concesionaria-eter-claro,director_visual,2026-08-31 15:32:11,3.6,orbita-v5-director-visual
2026-08-31 15:35:49,centro-medico-eter-claro,arquitecto,2026-08-31 15:26:06,9.7,orbita-v5-arquitecto-3
2026-08-31 15:38:06,concesionaria-noctua-oscuro,arquitecto,2026-08-31 15:35:51,2.3,orbita-v5-arquitecto-7
2026-08-31 15:38:06,concesionaria-noctua-oscuro,director_visual,2026-08-31 15:35:51,2.3,orbita-v5-director-visual
2026-08-31 15:38:06,centro-medico-noctua-oscuro,arquitecto,2026-08-31 15:26:08,12.0,orbita-v5-arquitecto-4
2026-08-31 15:38:06,vinedo-eter-claro,arquitecto,2026-08-31 15:32:06,6.0,orbita-v5-arquitecto-1
2026-08-31 15:44:09,ecommerce-claro,arquitecto,2026-08-31 15:38:08,6.0,orbita-v5-arquitecto-1
2026-08-31 15:44:09,ecommerce-claro,director_visual,2026-08-31 15:38:08,6.0,orbita-v5-director-visual
2026-08-31 15:44:09,vinedo-noctua-oscuro,arquitecto,2026-08-31 15:32:08,12.0,orbita-v5-arquitecto-2
2026-08-31 15:44:09,salud-mental-noctua-oscuro,arquitecto,2026-08-31 15:35:49,8.3,orbita-v5-arquitecto-5
2026-08-31 15:50:11,diseno-claro,arquitecto,2026-08-31 15:44:11,6.0,orbita-v5-arquitecto-2
2026-08-31 15:50:11,diseno-claro,director_visual,2026-08-31 15:44:11,6.0,orbita-v5-director-visual
2026-08-31 15:50:11,salud-mental-eter-claro,arquitecto,2026-08-31 15:35:47,14.4,orbita-v5-arquitecto-3
2026-08-31 15:50:11,marketing-claro,arquitecto,2026-08-31 15:38:06,12.1,orbita-v5-arquitecto-4
2026-08-31 15:50:11,marketing-oscuro-premium,arquitecto,2026-08-31 15:44:09,6.0,orbita-v5-arquitecto-6
2026-08-31 15:56:16,distribuidora-eter-claro,arquitecto,2026-08-31 15:50:13,6.1,orbita-v5-arquitecto-3
2026-08-31 15:56:16,distribuidora-eter-claro,director_visual,2026-08-31 15:50:13,6.1,orbita-v5-director-visual
2026-08-31 15:56:16,marketing-b-claro,arquitecto,2026-08-31 15:38:05,18.2,orbita-v5-arquitecto-1
2026-08-31 15:56:16,marketing-b-oscuro,arquitecto,2026-08-31 15:44:08,12.1,orbita-v5-arquitecto-2
2026-08-31 16:02:10,distribuidora-noctua-oscuro,arquitecto,2026-08-31 15:56:17,5.9,orbita-v5-arquitecto-4
2026-08-31 16:02:10,distribuidora-noctua-oscuro,director_visual,2026-08-31 15:56:17,5.9,orbita-v5-director-visual
2026-08-31 16:02:10,eter-claro,arquitecto,2026-08-31 15:50:11,12.0,orbita-v5-arquitecto-4
2026-08-31 16:02:10,noctua-oscuro,arquitecto,2026-08-31 15:56:15,5.9,orbita-v5-arquitecto-1
2026-08-31 16:07:05,kinesiologia-eter-claro,arquitecto,2026-08-31 16:02:12,4.9,orbita-v5-arquitecto-1
2026-08-31 16:07:05,kinesiologia-eter-claro,director_visual,2026-08-31 16:02:12,4.9,orbita-v5-director-visual
2026-08-31 16:07:05,marketing-b-azul-cian,arquitecto,2026-08-31 15:50:09,16.9,orbita-v5-arquitecto-3
2026-08-31 16:07:05,alba,arquitecto,2026-08-31 15:56:16,10.8,orbita-v5-arquitecto-2
2026-08-31 16:13:18,kinesiologia-noctua-oscuro,arquitecto,2026-08-31 16:07:07,6.2,orbita-v5-arquitecto-2
2026-08-31 16:13:18,kinesiologia-noctua-oscuro,director_visual,2026-08-31 16:07:07,6.2,orbita-v5-director-visual
2026-08-31 16:13:18,bruma,arquitecto,2026-08-31 16:02:08,11.2,orbita-v5-arquitecto-1
2026-08-31 16:13:18,casonorte,arquitecto,2026-08-31 16:02:10,11.1,orbita-v5-arquitecto-4
2026-08-31 16:17:27,ferreteria-eter-claro,arquitecto,2026-08-31 16:13:21,4.1,orbita-v5-arquitecto-3
2026-08-31 16:17:27,ferreteria-eter-claro,director_visual,2026-08-31 16:13:21,4.1,orbita-v5-director-visual
2026-08-31 16:17:27,pausa,arquitecto,2026-08-31 16:07:05,10.4,orbita-v5-arquitecto-3
2026-08-31 16:17:27,minimayorista,arquitecto,2026-08-31 16:08:07,9.3,orbita-v5-arquitecto-5
2026-08-31 16:22:56,ferreteria-noctua-oscuro,arquitecto,2026-08-31 16:17:29,5.5,orbita-v5-arquitecto-5
2026-08-31 16:22:56,ferreteria-noctua-oscuro,director_visual,2026-08-31 16:17:29,5.5,orbita-v5-director-visual
2026-08-31 16:30:09,universidad-eter-claro,arquitecto,2026-08-31 16:22:59,7.2,orbita-v5-arquitecto-1
2026-08-31 16:30:09,universidad-eter-claro,director_visual,2026-08-31 16:22:59,7.2,orbita-v5-director-visual
2026-08-31 16:35:26,universidad-noctua-oscuro,arquitecto,2026-08-31 16:30:13,5.2,orbita-v5-arquitecto-4
2026-08-31 16:35:26,universidad-noctua-oscuro,director_visual,2026-08-31 16:30:13,5.2,orbita-v5-director-visual
2026-08-31 16:41:14,repuestos-eter-claro,arquitecto,2026-08-31 16:35:29,5.8,orbita-v5-arquitecto-2
2026-08-31 16:41:14,repuestos-eter-claro,director_visual,2026-08-31 16:35:29,5.8,orbita-v5-director-visual
2026-08-31 16:46:34,repuestos-noctua-oscuro,arquitecto,2026-08-31 16:41:18,5.3,orbita-v5-arquitecto-3
2026-08-31 16:46:34,repuestos-noctua-oscuro,director_visual,2026-08-31 16:41:18,5.3,orbita-v5-director-visual
2026-08-31 16:50:26,neumaticos-eter-claro,arquitecto,2026-08-31 16:46:40,3.8,orbita-v5-arquitecto-4
2026-08-31 16:50:26,neumaticos-eter-claro,director_visual,2026-08-31 16:46:40,3.8,orbita-v5-director-visual
2026-08-31 16:50:38,dentista-b-claro,flow,2026-08-31 16:23:01,27.6,orbita-media-flow
2026-08-31 16:57:38,neumaticos-noctua-oscuro,arquitecto,2026-08-31 16:50:32,7.1,orbita-v5-arquitecto-5
2026-08-31 16:57:38,neumaticos-noctua-oscuro,director_visual,2026-08-31 16:50:32,7.1,orbita-v5-director-visual
2026-08-31 17:14:12,laboratorio-eter-claro,arquitecto,2026-08-31 16:57:41,16.5,orbita-v5-arquitecto-1
2026-08-31 17:14:12,laboratorio-eter-claro,director_visual,2026-08-31 16:57:41,16.5,orbita-v5-director-visual
2026-08-31 17:19:46,laboratorio-noctua-oscuro,arquitecto,2026-08-31 17:14:15,5.5,orbita-v5-arquitecto-2
2026-08-31 17:19:46,laboratorio-noctua-oscuro,director_visual,2026-08-31 17:14:15,5.5,orbita-v5-director-visual
2026-08-31 17:25:11,centro-medico-eter-claro,arquitecto,2026-08-31 17:19:48,5.4,orbita-v5-arquitecto-3
2026-08-31 17:25:11,centro-medico-eter-claro,director_visual,2026-08-31 17:19:48,5.4,orbita-v5-director-visual
2026-08-31 17:25:13,dentista-b-oscuro-premium,flow,2026-08-31 16:50:38,34.6,orbita-media-flow
2026-08-31 17:30:52,centro-medico-noctua-oscuro,arquitecto,2026-08-31 17:25:13,5.7,orbita-v5-arquitecto-4
2026-08-31 17:30:52,centro-medico-noctua-oscuro,director_visual,2026-08-31 17:25:13,5.7,orbita-v5-director-visual
2026-08-31 17:36:13,vinedo-eter-claro,arquitecto,2026-08-31 17:30:56,5.3,orbita-v5-arquitecto-1
2026-08-31 17:36:13,vinedo-eter-claro,director_visual,2026-08-31 17:30:56,5.3,orbita-v5-director-visual
2026-08-31 17:39:43,vinedo-noctua-oscuro,arquitecto,2026-08-31 17:36:16,3.5,orbita-v5-arquitecto-2
2026-08-31 17:39:43,vinedo-noctua-oscuro,director_visual,2026-08-31 17:36:16,3.5,orbita-v5-director-visual
2026-08-31 17:41:54,salud-mental-eter-claro,arquitecto,2026-08-31 17:39:46,2.1,orbita-v5-arquitecto-3
2026-08-31 17:41:54,salud-mental-eter-claro,director_visual,2026-08-31 17:39:46,2.1,orbita-v5-director-visual
2026-08-31 17:47:15,salud-mental-noctua-oscuro,arquitecto,2026-08-31 17:41:56,5.3,orbita-v5-arquitecto-5
2026-08-31 17:47:15,salud-mental-noctua-oscuro,director_visual,2026-08-31 17:41:56,5.3,orbita-v5-director-visual
2026-08-31 17:47:56,marketing-b-claro,director_visual,2026-08-31 17:47:20,0.6,orbita-v5-director-visual
2026-08-31 17:48:00,dentista-b-azul-cian,flow,2026-08-31 17:19:50,28.2,orbita-media-flow
2026-08-31 17:51:07,marketing-b-claro,director_visual,2026-08-31 17:47:20,3.8,orbita-v5-director-visual
2026-08-31 17:51:07,marketing-claro,arquitecto,2026-08-31 17:48:00,3.1,orbita-v5-arquitecto-4
2026-08-31 17:51:07,marketing-claro,director_visual,2026-08-31 17:48:00,3.1,orbita-v5-director-visual
2026-08-31 17:53:01,marketing-b-oscuro,arquitecto,2026-08-31 17:51:10,1.9,orbita-v5-arquitecto-2
2026-08-31 17:53:01,marketing-b-oscuro,director_visual,2026-08-31 17:51:10,1.9,orbita-v5-director-visual
2026-08-31 19:12:25,marketing-oscuro-premium,arquitecto,2026-08-31 17:53:04,79.4,orbita-v5-arquitecto-6
2026-08-31 19:12:25,marketing-oscuro-premium,director_visual,2026-08-31 17:53:04,79.4,orbita-v5-director-visual
2026-08-31 19:17:20,marketing-b-azul-cian,arquitecto,2026-08-31 19:12:29,4.9,orbita-v5-arquitecto-3
2026-08-31 19:17:20,marketing-b-azul-cian,director_visual,2026-08-31 19:12:29,4.9,orbita-v5-director-visual
2026-08-31 19:23:05,eter-claro,arquitecto,2026-08-31 19:17:24,5.7,orbita-v5-arquitecto-4
2026-08-31 19:23:05,eter-claro,director_visual,2026-08-31 19:17:24,5.7,orbita-v5-director-visual
2026-08-31 19:28:20,noctua-oscuro,arquitecto,2026-08-31 19:23:08,5.2,orbita-v5-arquitecto-1
2026-08-31 19:28:20,noctua-oscuro,director_visual,2026-08-31 19:23:08,5.2,orbita-v5-director-visual
2026-08-31 19:34:16,alba,arquitecto,2026-08-31 19:28:22,5.9,orbita-v5-arquitecto-2
2026-08-31 19:34:16,alba,director_visual,2026-08-31 19:28:22,5.9,orbita-v5-director-visual
2026-08-31 19:45:19,bruma,arquitecto,2026-08-31 19:34:22,11.0,orbita-v5-arquitecto-1
2026-08-31 19:45:19,bruma,director_visual,2026-08-31 19:34:22,11.0,orbita-v5-director-visual
2026-08-31 19:45:21,bruma,arquitecto,2026-08-31 19:34:22,11.0,orbita-v5-arquitecto-1
2026-08-31 19:45:21,bruma,director_visual,2026-08-31 19:34:22,11.0,orbita-v5-director-visual
2026-08-31 19:49:55,casonorte,arquitecto,2026-08-31 19:45:25,4.5,orbita-v5-arquitecto-4
2026-08-31 19:49:55,casonorte,director_visual,2026-08-31 19:45:25,4.5,orbita-v5-director-visual
2026-08-31 19:57:23,lumen,arquitecto,2026-08-31 19:49:59,7.4,orbita-v5-arquitecto-2
2026-08-31 19:57:23,lumen,director_visual,2026-08-31 19:49:59,7.4,orbita-v5-director-visual
2026-08-31 20:03:28,pausa,arquitecto,2026-08-31 19:57:28,6.0,orbita-v5-arquitecto-3
2026-08-31 20:03:28,pausa,director_visual,2026-08-31 19:57:28,6.0,orbita-v5-director-visual
2026-08-31 20:09:27,minimayorista,arquitecto,2026-08-31 20:03:35,5.9,orbita-v5-arquitecto-5
2026-08-31 20:09:27,minimayorista,director_visual,2026-08-31 20:03:35,5.9,orbita-v5-director-visual
2026-08-31 21:58:44,dentista-b-oscuro-premium,flow,2026-08-31 21:47:00,11.7,orbita-media-flow
